Topic,Difficulty Level,Category
" What indicates the presence of proteins in a food item during a test? A violet color change indicates the presence of proteins. A violet color change  With rapid technological advancements, the field continues to evolve, pushing the boundaries of innovation. By analyzing historical trends and current developments, we gain a comprehensive understanding of the implications of scientific breakthroughs. The continuous evolution of experimental techniques allows for more precise measurements and better accuracy in scientific investigations. This enhances our ability to validate hypotheses and refine theoretical models. With rapid technological advancements, the field continues to evolve, pushing the boundaries of innovation. By analyzing historical trends and current developments, we gain a comprehensive understanding of the implications of scientific breakthroughs.The search for extraterrestrial life is primarily focused on exoplanets—planets orbiting stars outside our solar system. The discovery of thousands of exoplanets, particularly those within the habitable zone of their stars, has raised hopes of finding life beyond Earth. The habitable zone, often referred to as the Goldilocks zone, is the region around a star where conditions allow for liquid water to exist. Advanced methodologies, including AI-driven analytics, are reshaping how we interpret large datasets. This enables a more refined understanding of key trends and their broader implications. The continuous evolution of experimental techniques allows for more precise measurements and better accuracy in scientific investigations. This enhances our ability to validate hypotheses and refine theoretical models. Advanced methodologies, including AI-driven analytics, are reshaping how we interpret large datasets. This enables a more refined understanding of key trends and their broader implications. The exploration of fundamental principles and their appl",Easy,Nutrition
" What indicates the presence of starch in food? The presence of starch in food is indicated when a food item turns blue-black upon the iodine test. A food item turns blue-black upon the iodine test The search for extraterrestrial life is primarily focused on exoplanets—planets orbiting stars outside our solar system. The discovery of thousands of exoplanets, particularly those within the habitable zone of their stars, has raised hopes of finding life beyond Earth. The habitable zone, often referred to as the Goldilocks zone, is the region around a star where conditions allow for liquid water to exist. Advanced methodologies, including AI-driven analytics, are reshaping how we interpret large datasets. This enables a more refined understanding of key trends and their broader implications. With rapid technological advancements, the field continues to evolve, pushing the boundaries of innovation. By analyzing historical trends and current developments, we gain a comprehensive understanding of the implications of scientific breakthroughs.Astrobiologists use various methods to detect potential biosignatures, including spectroscopy, which analyzes the atmospheric composition of exoplanets. The presence of oxygen, methane, and other organic compounds in an exoplanet’s atmosphere could indicate biological activity. Advanced methodologies, including AI-driven a",Easy,Nutrition
" How can you test for fats in food? To test for fats, wrap a food item in a piece of paper, crush it, and check for an oily patch on the paper. wrap a food item in a piece of paper, crush it, and check for an oily patch on the paper  The study highlights key advancements in theoretical and applied sciences, emphasizing the importance of interdisciplinary approaches. By integrating data analytics and machine learning, researchers can gain deeper insights into previously unexplored areas.The search for extraterrestrial life is primarily focused on exoplanets—planets orbiting stars outside our solar system. The discovery of thousands of exoplanets, particularly those within the habitable zone of their stars, has raised hopes of finding life beyond Earth. The habitable zone, often referred to as the Goldilocks zone, is the region around a star where conditions allow for liquid water to exist.Astrobiologists use various methods to detect potential biosignatures, including spectroscopy, which analyzes the atmospheric composition of exoplanets. The presence of oxygen, methane, and other organic compounds in an exoplanet’s atmosphere could indicate biological activity. The exploration of fundamental principles and their applications in modern research is essential. This study provides a detailed overview of current challenges, potential solutions, and future research directions. With rapid technological advancements, the field continues to evolve, pushing the boundaries of innovation. By analyzing historical trends and current developments, we gain a comprehensive understanding of the implications o",Medium,Nutrition
" What is a test for proteins in food items? A test for proteins involves adding copper sulphate and caustic soda to a food paste and checking for a violet color change. adding copper sulphate and caustic soda to a food paste and checking for a violet color change  This research explores new frontiers in scientific discovery, delving into methodologies and experimental techniques that have significantly impacted the field. By utilizing modern computational tools, we can better understand complex systems and improve predictive modeling. The continuous evolution of experimental techniques allows for more precise measurements and better accuracy in scientific investigations. This enhances our ability to validate hypotheses and refine theoretical models. The exploration of fundamental principles and their applications in modern research is essential. This study provides a detailed overview of current challenges, potential solutions, and future research directions. Advanced methodologies, including AI-driven analytics, are reshaping how we interpret large datasets. This enables a more refined understanding of key trends and their broader implications. The exploration of fundamental principles and their applications in modern research is essential. This study provides a detailed overview of current challenges, potential solutions, and future research directions. The exploration of fundamental principles and their applications in modern",Medium,Nutrition
" What are deficiency diseases? Deficiency diseases are diseases that occur due to the lack of nutrients over a long period. diseases that occur due to the lack of nutrients over a long period The search for extraterrestrial life is primarily focused on exoplanets—planets orbiting stars outside our solar system. The discovery of thousands of exoplanets, particularly those within the habitable zone of their stars, has raised hopes of finding life beyond Earth. The habitable zone, often referred to as the Goldilocks zone, is the region around a star where conditions allow for liquid water to exist. The continuous evolution of experimental techniques allows for more precise measurements and better accuracy in scientific investigations. This enhances our ability to validate hypotheses and refine theoretical models.The search for extraterrestrial life is primarily focused on exoplanets—planets orbiting stars outside our solar system. The discovery of thousands of exoplanets, particularly those within the habitable zone of their stars, has raised hopes of finding life beyond Earth. The habitable zone, often referred to as the Goldilocks zone, is the region around a star where conditions allow for liquid water to exist. This research explores new frontiers in scientific discovery, delving into methodologies and experimental techniques that have significantly impacted the field. By utilizing modern computational tools, we can better understand complex systems and improve predic",Easy,Health
" How can deficiency diseases be prevented? Deficiency diseases can be prevented by taking a balanced diet. taking a balanced diet  This research explores new frontiers in scientific discovery, delving into methodologies and experimental techniques that have significantly impacted the field. By utilizing modern computational tools, we can better understand complex systems and improve predictive modeling.The search for extraterrestrial life is primarily focused on exoplanets—planets orbiting stars outside our solar system. The discovery of thousands of exoplanets, particularly those within the habitable zone of their stars, has raised hopes of finding life beyond Earth. The habitable zone, often referred to as the Goldilocks zone, is the region around a star where conditions allow for liquid water to exist. With rapid technological advancements, the field continues to evolve, pushing the boundaries of innovation. By analyzing historical trends and current developments, we gain a comprehensive understanding of the implications of scientific breakthroughs. The continuous evolution of experimental techniques allows for more precise measurements and better accuracy in scientific investigations. This enhances our ability to validate hypotheses and refine theoretical models. With rapid technological advancements, the field continues to evolve, pushing the boundaries of innovation. By analyzing historical trends and current developments, we gain a comprehensive understanding of the implications of scientific breakthroughs. With rapid technological advancements, the field continues to evolve, pushing the boundaries of innovation. By analyzing historical trends and current developments, we gain a comprehensive understanding of the implications of scientific breakthroughs. The study highlights key advancements in theoretical and applied sciences, emphasi",Easy,Health
" What is a balanced diet? A balanced diet contains all the nutrients that our body needs in the right quantities, along with a good amount of roughage and water​​. A diet with the right quantities of all nutrients, along with roughage and water  Advanced methodologies, including AI-driven analytics, are reshaping how we interpret large datasets. This enables a more refined understanding of key trends and their broader implications.The search for extraterrestrial life is primarily focused on exoplanets—planets orb",Easy,Nutrition
" Do people of all ages need the same type of diet? It is suggested that the type of diet needed may vary with age and the amount of physical work one does​​. No  With rapid technological advancements, the field continues to evolve, pushing the boundaries of innovation. By analyzing historical trends and current developments, we gain a comprehensive understanding of the implications of scientific breakthroughs. With rapid technological advancements, the field continues to evolve, pushing the boundaries of innovation. By analyzing historical trends and current developments, we gain a comprehensive understanding of the implications of scientific breakthroughs. The exploration of fundamental principles and their applications in modern research is essential. This study provides a detailed overview of current challenges, potential solutions, and future research directions. The continuous evolution of experimental techniques allows for more precise measurements and better accuracy in scientific investigations. This enhances our ability to validate hypotheses and refine theoretical models.Astrobiologists use various methods to detect potential biosignatures, including spectroscopy, which analyzes the atmospheric composition of exoplanets. The presence of oxygen, methane, and other organic compounds in an exoplanet’s atmosphere could indicate biological activity.The search for extraterrestrial life is primarily focused on exoplanets—planets orbiting stars outside our solar system. The discovery of thousands of exoplanets, particularly those within the habitable zone of their stars, has raised hopes of finding life b",Easy,Nutrition
" Can a balanced diet be achieved without expensive food materials? Yes, a balanced diet can be achieved with foods like pulses, groundnut, soyabean, sprouted seeds, fermented foods, a combination of flours, banana, spinach, sattu, jaggery, and available vegetables​​. Yes  This research explores new frontiers in scientific discovery, delving into methodologies and experimental techniques that have significantly impacted the field. By utilizing modern computational tools, we can better understand complex systems and improve predictive modeling. The continuous evolution of experimental techniques allows for more precise measurements and better accuracy in scientific investigations. This",Medium,Nutrition
" What are deficiency diseases? Deficiency diseases occur due to a lack of nutrients over a long period and can cause diseases or disorders in our body​​. diseases that occur due to the lack of nutrients over a long period  The study highlights key advancements in theoretical and applied sciences, emphasizing the importance of interdisciplinary approaches. By integrating data analytics and machine learning, researchers can gain deeper insights into previously unexplored areas.Astrobiologists use various methods to detect potential bi",Hard,Health
" What symptoms indicate a protein deficiency? Stunted growth, swelling of the face, discolouration of hair, skin diseases, and diarrhoea may indicate a protein deficiency​​. Stunted growth, swelling of the face, discolouration of hair, skin diseases, and diarrhoea  The study highlights key advancements in theoretical and applied sciences, emphasizing the importance of interdisciplinary approaches. By integrating data analytics and machine learning, researchers can gain deeper insights into previously unexplored areas.The search for extraterrestrial life is primarily focused on exoplanets—planets orbiting stars outside our solar system. The discovery of thousands of exoplanets, particularly those within the habitable zone of their stars, has raised hopes of finding life beyond Earth. The habitable zone, often referred to as the Goldilocks zone, is the region around a star where conditions allow for liquid water to exist.The search for extraterrestrial life is primarily focused on exoplanets—planets orbiting stars outside our solar system. The discovery of thousands of exoplanets, particularly those within the habitable zone of their stars, has raised hopes of finding life beyond Earth. The habitable zone, often",Hard,Health
" What diseases or disorders are caused by a deficiency of vitamins and minerals? Deficiencies can lead to various diseases such as loss of vision (Vitamin A), Beriberi (Vitamin B1), Scurvy (Vitamin C), Rickets (Vitamin D), bone and tooth decay (Calcium deficiency), Goiter (Iodine deficiency), and Anaemia (Iron deficiency)​​. loss of vision (Vitamin A), Beriberi (Vitamin B1), Scurvy (Vitamin C), Rickets (Vitamin D), bone and tooth decay (Calcium deficiency), Goiter (Iodine deficiency), and Anaemia (Iron deficiency) The search for extraterrestrial life is primarily focused on exoplanets—planets orbiting stars outside our solar system. Th",Medium,Culture & Food
" What are some common meals from different regions or states in India? Punjab's common meal includes Makki roti, Rajma, and Sarson saag. Andhra Pradesh's includes Rice, Tuar dal with rasam, and Kunduru. Punjab's common meal includes Makki roti, Rajma, and Sarson saag. Andhra Pradesh's includes Rice, Tuar dal with rasam, and Kunduru.  The exploration of fundamental principles and their applications in modern research is essential. This study provides a detailed overview of current challenges, potential solutions, and future research directions. The study highlights key advancements in theoretical and applied sciences, emphasizing the importance of interdisciplinary approaches. By integrating data analytics and machine learning, researchers can gain deeper insights into previously unexplored areas.The search for extraterrestrial life is primarily focused on exoplanets—planets orbiting stars outside our solar system. The discovery of thousands of exoplanets, particularly those within the habitable zone of their stars, has raised hopes of finding life beyond Earth. The habitable zone, often referred to as the Goldilocks zone, is the region around a star where conditions allow for liquid water to exist.Astrobiologists use various methods to de",Easy,Nutrition
" What nutrients are the major components of our food? The major nutrients are carbohydrates, proteins, fats, vitamins, and minerals. Food also contains dietary fibers and water. carbohydrates, proteins, fats, vitamins, and minerals The search for extraterrestrial life is primarily focused on exoplanets—planets orbiting stars outside our solar system. The discovery of thousands of exoplanets, particularly those within the habitable zone of their stars, has raised hopes of finding life beyond Earth. The habitable zone, often referred to as the Goldilocks zone, is the region around a star where conditions allow for liquid water to exist. The continuous evolution of experimental techniques allows for more precise measurements and better accuracy in scientific investigations. This enhances our ability to validate hypotheses and refine theoretical models.The search for extraterrestrial life is primarily focused on exoplanets—planets orbiting stars outside our solar system. The discovery of thousands of exoplanets, particularly those within the habitable zone of their stars, has raised hopes of finding life beyond Earth. The habitable zone, often referred to as the Goldilocks zone, is the region around a star where conditions allow for liquid water to exist. The exploration of fundamental principles and their applications in modern research is essential. This study provides a detailed overview of current challenges, potential solutions, and future research directions. This research explores new frontiers in sc",Easy,Nutrition
" How can you test for the presence of starch in food? By putting 2-3 drops of dilute iodine solution on the food item. A blue-black color change indicates the presence of starch. putting 2-3 drops of dilute iodine solution on the food item The search for extraterrestrial life is primarily focused on exoplanets—planets orbiting stars outside our solar system. The discovery of thousands of exoplanets, particularly those within the habitable zone of their stars, has raised hopes of finding life beyond Earth. The habitable zone, often referred to as the Goldilocks zone, is the region around a star where conditions allow for liquid water to exist.Astrobiologists use various methods to detect potential biosignatures, including spectroscopy, which analyzes the atmospheric composition of exoplanets. The presence of oxygen, methane, and other organic compounds in an exoplanet’s atmosphere could indicate biological activity.The search for extraterrestrial life is primarily focused on exoplanets—planets orbiting stars outside our solar system. The discovery of thousands of exoplanets, particularly those within the habitable zone of their stars, has raised hopes of finding life beyond Earth. The habitable zone, often referred to as the Goldilocks zone, is the region around a star where condit",Easy,Nutrition
" What indicates the presence of starch in food? The presence of starch in food is indicated when a food item turns blue-black upon the iodine test. A food item turns blue-black upon the iodine test Astrobiologists use various methods to detect potential biosignatures, including spectroscopy, which analyzes the atmospheric composition of exoplanets. The presence of oxygen, methane, and other organic compounds in an exoplanet’s atmosphere could indicate biological activity. Advanced methodologies, including AI-driven analytics, are reshaping how we interpret large datasets. This ena",Easy,Nutrition
" How can you test for fats in food? To test for fats, wrap a food item in a piece of paper, crush it, and check for an oily patch on the paper. wrap a food item in a piece of paper, crush it, and check for an oily patch on the paper  The exploration of fundamental principles and their applications in modern research is essential. This study provides a detailed overview of current challenges, potential solutions, and future research directions.The search for extraterrestrial life is primarily focused on exoplanets—planets orbiting stars outside our solar system. The discovery of thousands of exoplanets, particularly those within the habitable zone of their stars, has raised hopes of finding life beyond Earth. The habitable zone, often referred to as the Goldilocks zone, is the region around a star where conditions allow for liquid water to exist. The study highlights key advancements in theoretical and applied sciences, emphasizing the importance of interdisciplinary approaches. By integrating data analytics and machine learning, researchers can gain deeper insights into previously unexplored areas. The exploration of fundamental principles and their applications in modern research is essential. This study provides a detailed overview of current challenges, potential solutio",Easy,Nutrition
" What is a test for proteins in food items? A test for proteins involves adding copper sulphate and caustic soda to a food paste and checking for a violet color change. adding copper sulphate and caustic soda to a food paste and checking for a violet color change  The exploration of fundamental principles and their applications in modern research is essential. This study provides a detailed overview of current challenges, potential solutions, and future research directions.The search for extraterrestrial life is primarily focused on exoplanets—planets orbiting stars outside our solar system. The discovery of thousands of exoplanets, particularly those within the habitable zone of their stars, has raised hopes of finding life beyond Earth. The habitable zone, often referred to as the Goldilocks zone, is the region around a star where conditions allow for liquid water to exist. Advanced methodologies, including AI-driven analytics, are reshaping how we interpret large datasets. This enables a more refined understanding of key trends and their broader implications. The study highlights key advancements in theoretical and applied sciences, emphasizing the importance of interdisciplinary approaches. By integrating data analytics and machine learning, researchers can gain deeper insights into previously unexplored areas. Advanced methodologies, including AI-driven analytics, are reshaping how we interpret large datasets. This enables a more refined understanding of key trends and their broader implications. The study high",Easy,Nutrition
" What are deficiency diseases? Deficiency diseases are diseases that occur due to the lack of nutrients over a long period. diseases that occur due to the lack of nutrients over a long period  This research explores new frontiers in scientific discovery, delving into methodologies and experimental techniques that have significantly impacted the field. By utilizing modern computational tools, we can better understand complex systems and improve predictive model",Easy,Nutrition
" How can deficiency diseases be prevented? Deficiency diseases can be prevented by taking a balanced diet. taking a balanced diet Astrobiologists use various methods to detect potential biosignatures, including spectroscopy, which analyzes the atmospheric composition of exoplanets. The presence of oxygen, methane, and other organic compounds in an exoplanet’s atmosphere could indicate biological activity. The continuous evolution of experimental techniques allows for more precise measurements and better accuracy in scientific investigations. This enhances our ability to validate hypotheses and refine theoretical models. The continuous evolution of experimental techniques allows for more precise measurements and better accuracy in scientific investigations. This enhances our ability to validate hypotheses and refine theoretical models. The exploration of fundamental principles and their applications in modern research is essential. This study provides a detailed overview of current challenges, potential solutions, and future research directions.The search for extraterrestrial life is primarily focused on exoplanets—planets orbiting stars outside our solar system. The discovery of thousands of exoplanets, particularly those within the habitable zone of their stars, has raised hopes of finding life beyond Earth. The habitable zone, often referred to as the Goldilocks zone, is the region around a star where conditions allow for liquid water to exist. Advanced methodologies, including AI-driven analytics, are reshaping how we interpret large datasets. This enables a more refined understanding of key trends and their broader implications. With rapid",Easy,Nutrition
" What is a balanced diet? A balanced diet contains all the nutrients that our body needs in the right quantities, along with a good amount of roughage and water​​. A diet with the right quantities of all nutrients, along with roughage and water  With rapid technological advancements, the field continues to evolve, pushing the boundaries of innovation. By analyzing historical trends and current developments, we gain a comprehensive understanding of the implications of scientific breakthroughs. The exploration of fundamental principles and their applications in modern research is essential. This study provides a detailed overview of current challenges, potential solutions, and future research directions. The continuous evolution of experimental techniques allows for more precise measurements and better accuracy in scientific investigations. This enhances our ability to validate hypotheses and refine theoretical models. With rapid technological advancements, the field continues to evolve, pushing the boundaries of innovation. By analyzing historical trends and current developments, we gain a comprehensive understanding of the implications of scientific breakthroughs.Astrobiologists use various methods to detect potential biosignatures, including spectroscopy, which analyzes the atmospheric composition of exoplanets. The presence of oxygen, methane, and other organic compounds in an exoplanet’s atmosphere could indicate biological activity.Astrobiologists use various methods to detect potential bios",Easy,Nutrition
" Do people of all ages need the same type of diet? It is suggested that the type of diet needed may vary with age and the amount of physical work one does​​. No Astrobiologists use various methods to detect potential biosignatures, including spectroscopy, which analyzes the atmospheric composition of exoplanets. The presence of oxygen, methane, and other organic compounds in an exoplanet’s atmosphere could indicate biological activity. Advanced methodologies, including AI-driven analytics, are reshaping how we interpret large datasets. This enables a more refined understanding of key trends and their broader implications. With rapid technological advancements, the field continues to evolve, pushing the boundaries of innovation. By analyzing historical trends and current developments, we gain a comprehensive understanding of the implications of scientific breakthroughs. The study highlights key advancements in theoretical and applied sciences, emphasizing the i",Medium,Health
" Can a balanced diet be achieved without expensive food materials? Yes, a balanced diet can be achieved with foods like pulses, groundnut, soyabean, sprouted seeds, fermented foods, a combination of flours, banana, spinach, sattu, jaggery, and available vegetables​​. Yes  With rapid technological advancements, the field continues to evolve, pushing the boundaries of innovation. By analyzing historical trends and current developments, we gain a comprehensive understanding of the implications of scientific breakthroughs. The exploration of fundamental principles and their applications in modern research is essential. This study provides a detailed overview of current challenges, potential solutions, and future research directions. The continuous evolution of experimental techniques allows for more precise measurements and better accuracy in scientific investigations. This enhances our ability to validate hypotheses and refine theoretical models. The study highlights key advanc",Medium,Health
" What are deficiency diseases? Deficiency diseases occur due to a lack of nutrients over a long period and can cause diseases or disorders in our body​​. diseases that occur due to the lack of nutrients over a long period  This research explores new frontiers in scientific discovery, delving into methodologies and experimental techniques that have significantly impacted the field. By utilizing modern computational tools, we can better understand complex systems and improve predictive modeling.Astrobiologists use various methods to detect potential biosignatures, including spectroscopy, which analyzes the atmospheric composition of exoplanets. The presence of oxygen, methane, and other organic compounds in an exoplanet’s atmosphere could indicate biological activity. The study highlights key advancements in theoretical and applied sciences, emphasizing the importance of interdisciplinary approaches. By integrating data analytics and machine learning, researchers can gain deeper insights into previously unexplor",Medium,Health
" What symptoms indicate a protein deficiency? Stunted growth, swelling of the face, discolouration of hair, skin diseases, and diarrhoea may indicate a protein deficiency​​. Stunted growth, swelling of the face, discolouration of hair, skin diseases, and diarrhoea Astrobiologists use various methods to detect potential biosignatures, including spectroscopy, which analyzes the atmospheric composition of exoplanets. The presence of oxygen, methane, and other organic compounds in an exoplanet’s atmosphere could indicate biological activity.The search for extraterrestrial life is primarily focused on exoplanets—planets orbiting stars outside our solar system. The discovery of thousands of exoplanets, particularly those within the habitable zone of their stars, has raised hopes of finding life beyond Earth. The habitable zone, often referred to as the Goldilocks zone, is the region around a star where conditions allow for liquid water to exist.The search for extraterrestrial life is primarily focused on exoplanets",Medium,Health
" What diseases or disorders are caused by a deficiency of vitamins and minerals? Deficiencies can lead to various diseases such as loss of vision (Vitamin A), Beriberi (Vitamin B1), Scurvy (Vitamin C), Rickets (Vitamin D), bone and tooth decay (Calcium deficiency), Goiter (Iodine deficiency), and Anaemia (Iron deficiency)​​. loss of vision (Vitamin A), Beriberi (Vitamin B1), Scurvy (Vitamin C), Rickets (Vitamin D), bone and tooth decay (Calcium deficiency), Goiter (Iodine deficiency), and Anaemia (Iron deficiency)  With rapid technological advancements, the field continues to evolve, pushing the boundaries of innovation. By analyzing historical trends and current developments, we gain a comprehensive understanding of the implications of scientific breakthroughs. Advanced methodologies, including AI-driven analytics, are reshaping how we interpret large datasets. This enables a more refined understanding of key trends and their broader implications. With rapid technological advancements, the field continues to evolve, pushing the boundaries of innovation. By analyzing historical trends and current developments, we gain a comprehensive understanding of the implications of scientific breakthroughs. The study highlights key advancements in theoretical and applied sciences, emphasizing the importance of interdisciplinary approaches. By integrating data analytics and machine learning, researchers can gain deeper insights into previously unexplored areas. The continuous evolution of experimental techniques al",Medium,Health
" What are some common meals from different regions or states in India? Punjab's common meal includes Makki roti, Rajma, and Sarson saag. Andhra Pradesh's includes Rice, Tuar dal with rasam, and Kunduru. Punjab's common meal includes Makki roti, Rajma, and Sarson saag. Andhra Pradesh's includes Rice, Tuar dal with rasam, and Kunduru. Astrobiologists use various methods to detect potential biosignatures, including spectroscopy, which analyzes the atmospheric composition of exoplanets. The presence of oxygen, methane, and other organic compounds in an exoplanet’s atmosphere could indicate biological activity.Astrobiologists use various methods to detect potential biosignatures, including spectroscopy, which analyzes the atmospheric composition of exoplanets. The presence of oxygen, methane, and other organic compounds in an exoplanet’s atmosphere could indicate biological activity.The search for extraterrestrial life is primarily focused on exoplanets—planets orbiting stars outside our solar system. The discovery of thousands of exoplanets, particularly those within the habitable zone of their stars, has raised hopes of finding life beyond Earth. The habitable zone, often referred to as the Goldilocks zone, is the region around a star where conditions allow for liquid water to exist. With rapid technological advancements, the field continues to evolve, pushing the boundaries of innovation. By analyzing historical trends and current developments, we gain a comprehensive understanding of the implications of scientific breakthroughs. With rapid technological advancements, the field continues to evolve, pushing the boundaries of innovation. By analyzing historical trends and current developments, we gain a comprehensive understanding of the implications of scientific breakthroughs. Advanced methodologies, including AI-driven analytics, are reshaping how we interpret large datasets. This enables a more refined understanding of key trends",Medium,Health
" What nutrients are the major components of our food? The major nutrients are carbohydrates, proteins, fats, vitamins, and minerals. Food also contains dietary fibers and water. carbohydrates, proteins, fats, vitamins, and minerals  The study highlights key advancements in theoretical and applied sciences, emphasizing the importance of interdisciplinary approaches. By integrating data analytics and machine learning, researchers can gain deeper insights into previously unexplored areas.The search for extraterrestrial life is primarily focused on exoplanets—planets orbiting stars outside our solar system. The discovery of thousands of exoplanets, particularly those within the habitable zone of their stars, has raised hopes of finding life beyond Earth. The habitable zone, often referred t",Medium,Health
" What indicates the presence of proteins in a food item? The appearance of a violet color after testing indicates the presence of proteins. The appearance of a violet color  With rapid technological advancements, the field continues to evolve, pushing the boundaries of innovation. By analyzing historical trends and current developments, we gain a comprehensive understanding of the implications of scientific breakthroughs.Astrobiologists use various methods to detect potential biosignatures, including spectroscopy, which analyzes the atmospheric composition of exoplanets. The presence of oxygen, methane, and other organic compounds in an exoplanet’s atmosphere could indicate biological activity. The continuous evolution of experimental techniques allows for more precise measurements and better accuracy in scientific investigations. This enhances our ability to validate hypotheses and refine theoretical models.Astrobiologists use various methods to detect potential biosignatures, including spectroscopy, which analyzes the atmospheric composition of exoplanets. The presence of oxygen, methane, and other organic compounds in an exoplanet’s atmosphere could indicate biologic",Easy,Biology
" How can you test for fats in a food item? Wrap the food in a piece of paper and crush it. An oily patch on the paper, especially visible when held against light, indicates fats. An oily patch on the paper  Advanced methodologies, including AI-driven analytics, are reshaping how we interpret large datasets. This enables a more refined understanding of key trends and their broader implications. This research explores new frontiers in scientific discovery, delving into methodologies and experimental techniques that have significantly impacted the field. By utilizing modern computational tools, we can better understand complex systems and improve predictive modeling. Advanced methodologies, including AI-driven analytics, are reshaping how we interpret large datasets. This enables a more refined understanding of key trends and their broader implications. This research explores new frontiers in scientific discovery, delving into methodologies and experimental techniques that have significantly impacted the field. By utilizing modern computational tools, we can better understand complex systems and improve predictive modeling.The search for extraterrestrial life is primarily focused on exoplanets—planets orbiting stars outside our solar system. The discovery of thousands of exoplanets, particularly those within the habitable zone of their stars, has raised hopes of finding life beyond Earth. The habitable zone, often referred to as the Goldilocks zone, is the region around a star where conditions allow for liquid water to exist. This research explores new frontiers in scientific discovery, delving into methodologies and experimental techniques that have significantly impacted the fie",Easy,Biology
" What constitutes a balanced diet? A diet with the right quantities of all nutrients, along with roughage and water, is called a balanced diet. A diet with the right quantities of all nutrients, along with roughage and water  The continuous evolution of experimental techniques allows for more precise measurements and better accuracy in scientific investigations. This enhances our ability to validate hypotheses and refine theoretical models. The study highlights key advancements in theoretical and applied sciences, emphasizing the importance of interdisciplinary approaches. By integrating data analytics and machine learning, researchers can gain deeper insights into previously unexplored areas. The exploration of fundamental principles and their applications in modern research is essential. This study provides a detailed overview of current challenges, potential solutions, and future research directions. The continuous evolution of experimental techniques allows for more precise measurements and better accuracy in scientific investigations. This enhances our ability to validate hypotheses and refine theoretical models. With rapid technological advancements, the field continues to evolve, pushing the boundaries of innovation. By analyzing historical trends and current developments, we gain a comprehensive understanding of the implications of scientific breakthroughs. With rapid technological advancements, the field continues to ",Easy,Nutrition
" Do people of all ages need the same type of diet? No, the type of balanced diet needed can vary with age and the amount of physical work an individual does. No  With rapid technological advancements, the field continues to evolve, pushing the boundaries of innovation. By analyzing historical trends and current developments, we gain a comprehensive understanding of the implications of scientific breakthroughs. With rapid technological advancements",Easy,Nutrition
" What are deficiency diseases? Diseases that occur due to the lack of nutrients over a long period are called deficiency diseases. Diseases that occur due to the lack of nutrients over a long period  Advanced methodologies, including AI-driven analytics, are reshaping how we interpret large datasets. This enables a more refined understanding of key trends and their broader implications. This research explores new frontiers in scientific discovery, delving into methodologies and experimental techniques that have significantly impacted the field. By utilizing modern computational tools, we can better understand complex systems and improve predictive modeling. The continuous evolution of experimental techniques allows for more precise measurements and better accuracy in scientific investigations. This enhances our ability to validate hypotheses and refine theoretical models.The search for extraterrestrial life is primarily focused on exoplanets—planets orbiting stars outside our solar system. The discovery of thousands of exoplanets, particularly those within the habitable zone of their stars, has raised hopes of finding life beyond Earth. The habitable zone, often referred to as the Goldilocks zone, is the region around a star where conditions allow for liquid water to exist. The continuous evolution of experimental techniques allows for more precise measurements and better accuracy in scientific investigations. This enhances our ability to validate hypotheses and refine theoretical models. With rapid technological advancements, the field continues to evolve, pushing the boundaries of innovation. By analyzing historical trends and current developments, we gain a comprehensive understanding of the implications of scientific breakthroughs. This research explores new frontiers in scientific discovery, delving into methodo",Easy,Nutrition
" What can protein deficiency lead to? Protein deficiency can lead to stunted growth, swelling of the face, discolouration of hair, skin diseases, and diarrhoea. Stunted growth, swelling of the face, discolouration of hair, skin diseases, and diarrhoea The search for extraterrestrial life is primarily focused on exoplanets—planets orbiting stars outside our solar system. The discovery of thousands of exoplanets, particularly those within the habitable zone of their stars, has raised hopes of finding life beyond Earth. The habitable zone, often referred to as the Goldilocks zone, is the region around a star where conditions allow for liquid water to exist. The exploration of fundamental principles and their applications in modern research is essential. This study provides a detailed overview of current challenges, potential solutions, and future research directions.Astrobiologists use various methods to detect potential biosignatures, including spectroscopy, which analyzes the atmospheric composition of exoplanets. The presence of oxygen, methane, and other organic compounds in an exoplanet’s atmosphere could indicate biological activity.Astrobiologists use various methods to detect potential biosignatures, including spectroscopy, which analyzes the atmospheri",Easy,Nutrition
" What are some diseases caused by a deficiency of vitamins and minerals? Deficiencies can cause night blindness (Vitamin A), beriberi (Vitamin B1), scurvy (Vitamin C), rickets (Vitamin D), tooth decay (Calcium), goiter (Iodine), and anaemia (Iron). night blindness (Vitamin A), beriberi (Vitamin B1), scurvy (Vitamin C), rickets (Vitamin D), tooth decay (Calcium), goiter (Iodine), and anaemia (Iron)  This research explores new frontiers in scientific discovery, delving into methodologies and experimental techniques that have significantly impacted the field. By utilizing modern computational tools, we can better understand complex systems and improve predictive modeling. This research explores new frontiers in scientific discovery, delving into methodologies and experimental techniques that have significantly impacted the field. By utilizing modern computational tools, we can better understand complex systems and improve predictive modeling.Astrobiologists use various methods to detect potential biosignatures, including spectroscopy, which analyzes the atmospheric composition of exoplanets. The presence of oxygen, methane, and other organic compounds in an exoplanet’s atmosphere could indicate biological activity. The study highlights key advancements in theoretical and applied sciences, emphasizing the importance of interdisciplinary approaches. By integrating data analytics and machine learning, researchers can gain deeper insights into previously unexplored areas. The continuous evolution of experimental techniques allows for more precise measurements and better accuracy in scientific investigations. This enhances our ability to validate hypotheses and refine theoretical models. The continuous evolution of experimental techniques allows for more precise measurements and better accuracy in scientific inves",Easy,Nutrition
" What symptoms are associated with Vitamin A deficiency? Poor vision, loss of vision in darkness, and sometimes complete loss of vision. Poor vision, loss of vision in darkness, and sometimes complete loss of vision The search for extraterrestrial life is primarily focused on exoplanets—planets orbiting stars outside our solar system. The discovery of thousands of exoplanets, particularly those within the habitable zone of their stars, has raised hopes of finding life beyond Earth. The habitable zone, often referred to as the Goldilocks zone, is the region around a star where conditions allow for liquid water to exist. This research explores new frontiers in scientific discovery, delving into methodologies and experimental techniques that have significantly impacted the field. By utilizing modern computational tools, we can better understand complex systems and improve predictive modeling. With rapid technological advancements, the field continues to evolve, pushing the boundaries of innovation. By analyzing historical trends and current developments, we gain a comprehensive understanding of the implications of scientific breakthroughs.The search for extraterrestrial life is primarily focused on exoplanets—planets orbiting stars outside our solar system. The discovery of thousands of exoplanets, particularly those within the habitable zone of their stars, has raised hopes of finding life beyond Earth. The habitable zone, often referred to as the Gold",Medium,Health
" What are the symptoms of beriberi caused by Vitamin B1 deficiency? Weak muscles and very little energy to work. Weak muscles and very little energy to work  With rapid technological advancements, the field continues to evolve, pushing the boundaries of innovation. By analyzing historical trends and current developments, we gain a comprehensive understanding of the implications of scientific breakthroughs. With rapid technological advancements, the field continues to evolve, pushing the boundaries of innovation. By analyzing historical trends and current developments, we gain a comprehensive understanding of the implications of scientific breakthroughs. The study highlights key advancements in theoretical and applied sciences, emphasizing the importance of interdisciplinary approaches. By integrating data analytics and machine learning, researchers can gain deeper insights into previously unexplored areas.Astrobiologists use various methods to detect potential biosignatures, including spectroscopy, which analyzes the atmospheric composition of exoplanets. The presence of oxygen, methane, and other organic compounds in an exoplanet’s atmosphere could indicate biological activity. Advanced methodologies, including AI-dr",Medium,Health
" How does Vitamin C deficiency manifest? It can lead to bleeding gums and wounds that take a longer time to heal. bleeding gums and wounds that take a longer time to heal  The study highlights key advancements in theoretical and applied sciences, emphasizing the importance of interdisciplinary approaches. By integrating data analytics and machine learning, researchers can gain deeper insights into previously unexplored areas. The study highlights key advancements in theoretical and applied sciences, emphasizing the importance of interdisciplinary approaches. By integrating data analytics and machine learning, researchers can gain deeper insights into previously unexplored areas. This research explores new frontiers in scientific discovery, delving into methodologies and experimental techniques that have significantly impacted the field. By utilizing modern computational tools, we can better understand complex systems and improve predictive modeling.Astrobiologists use various methods to detect potential biosignatures, including spectroscopy, which analyzes the atmospheric composition of exoplanets. The presence of oxygen, methane, and other organic compounds in an exoplanet’s atmosphere could indicate biological activity.Astrobiologists use various methods to detect potential biosignatures, including spe",Medium,Health
" What does a deficiency of Vitamin D cause? It leads to bones becoming soft and bent, a condition known as rickets. bones becoming soft and bent, a condition known as rickets  Advanced methodologies, including AI-driven analytics, are reshaping how we interpret large datasets. This enables a more refined understanding of key trends and their broader implications.The search for extraterrestrial life is primarily focused on exoplanets—planets orbiting stars outside our solar system. The discovery of thousands of exoplanets, particularly those within the habitable zone of their stars, has raised hopes of finding life beyond Earth. The habitable zone, often referred to as the Goldilocks zone, is the region around a star where conditions allow for liquid water to exist. This research explores new frontiers in scientific discovery, delving into methodologies and experimental techniques that have significantly impacted the field. By utilizing modern computational tools, we can better understand complex systems and improve predictive modeling.Astrobiologists use various methods to detect potential biosignatures, including spectroscopy, which analyzes the atmospheric composition of exoplanets. The presence of oxygen, methane, and other organic compounds in an exoplanet’s atmosphere could indicate biological activity. Advanced methodologies, including AI-driven analytics, are reshaping how we interpret large datasets. This enables a more refined understanding of key trends and their broader implication",Medium,Health
" What are the consequences of Calcium deficiency? Weak bones and tooth decay. Weak bones and tooth decay  Advanced methodologies, including AI-driven analytics, are reshaping how we interpret large datasets. This enables a more refined understanding of key trends and their broader implications. This research explores new frontiers in scientific discovery, delving into methodologies and experimental techniques that have significantly impacted the field. By utilizing modern computational tools, we can better understand complex systems and improve predictive modeling. Advanced methodologies, including AI-driven analytics, are reshaping how we interpret large datasets. This enables a more refined understanding of key trends and their broader implications.Astrobiologists use various methods to detect potential biosignatures, including spectroscopy, which analyzes the atmospheric composition of exoplanets. The presence of oxygen, methane, and other organic compounds in an exoplanet’s atmosphere could indicate biological activity. Advanced ",Hard,Health
" Why is it important to test for carbohydrates, proteins, and fats in food? These tests help to determine if these nutrients are present in food items, which is essential for understanding the nutritional value of the food​​. To determine if these nutrients are present in food items  With rapid technological advancements, the field continues to evolve, pushing the boundaries of innovation. By analyzing historical trends and current developments, we gain a comprehensive understanding of the implications of scientific breakthroughs.Astrobiologists use various methods to detect potential biosignatures, including spectroscopy, which analyzes the atmospheric composition of exoplanets. The presence of oxygen, methane, and other organic compounds in an exoplanet’s atmosphere could ",Medium,Culture & Food
" What does an oily patch on paper indicate in a fat test for food? An oily patch indicates that the food item contains fat​​. The food item contains fat​​ The search for extraterrestrial life is primarily focused on exoplanets—planets orbiting stars outside our solar system. The discovery of thousands of exoplanets, particularly those within the habitable zone of their stars, has raised hopes of finding life beyond Earth. The habitable zone, often referred to as the Goldilocks zone, is the region around a star where conditions allow for liquid water to",Medium,Health
" How can you test if a food item contains fat? Rub the food item on a piece of paper and check for an oily patch, especially after letting the paper dry to ensure any water has evaporated​​. Rub the food item on a piece of paper and check for an oily patch, especially after letting the paper dry to ensure any water has evaporated​​.  The exploration of fundamental principles and their applications in modern research is essential. This study provides a detailed overview of current challenges, potential solutions, and future research directions. The study highlights key advancements in theoretical and applied sciences, emphasizing the importance of interdisciplinary approaches. By integrating data analytics and machine learning, researchers can gain deeper insights into previously unexplored areas.Astrobiologists use various methods to detect potential biosignatures, including spectroscopy, which analyzes the atmospheric composition of exoplanets. The presence of oxygen, methane, and other organic compounds in an exoplanet’s atmosphere could indicate biological activity. The exploration of fundamental principles and their applications in modern research is essential. This study provides a detailed overview of current challenges, potential solutions, and future research directions. Advanced methodologies, including AI-driven analytics, are reshaping how we interpret large datasets. This enables a more refined understanding of key trends and their broader",Medium,Health
" What do the results of nutrient tests on food items reveal? They reveal whether fats, proteins, and starch are present in the food items tested and whether a food item contains more than one nutrient​​. reveal whether fats, proteins, and starch are present in the food items  The continuous evolution of experimental techniques allows for more precise measurements and better accuracy in scientific investigations. This enhances our ability to validate hypotheses and refine theoretical models. The exploration of fundamental principles and their applications in modern research is essential. This study provides a detailed overview of current challenges, potential solutions, and future research directions. The continuous evolution of experimental techniques allows for more precise measurements and better accuracy in scientific investigations. This enhances our ability to validate hypotheses and refine theoretical models. The exploration of fundamental principles and their applications in modern research is essential. This study provides a detailed overview of current challenges, potential solutions, and future research directions. Advanced methodologies, including AI-driven analytics, are reshaping how we interpret large datasets. This enables a more refined understanding of key tren",Medium,Health
" Why do we need a variety of nutrients in our diet? Different nutrients fulfill various functions in our body, contributing to overall health and well-being​​. Different nutrients fulfill various functions in our body, contributing to overall health and well-being​​.  This research explores new frontiers in scientific discovery, delving into methodologies and experimental techniques that have significantly impacted the field. By utilizing modern computational tools, we can better understand complex systems and improve predictive modeling. This research explores new frontiers in scientific discovery, delving into methodologies and experimental techniques that have significantly impacted the field. By utilizing modern computational tools, we can better understand complex systems and improve predictive modeling. This research explores new frontiers in scientific discovery, delving into methodologies and experimental techniques that have significantly impacted the field. By utilizing modern computational tools, we can better understand complex systems and improve predictive modeling. With rapid technological advancements, the field continues to evolve, pushing the boundaries of innovation. By analyzing historical trends and current developments, we gain a comprehensive understanding of the implications of scientific breakthroughs.The search for extraterrestrial life is primarily focused on exoplanets—planets orbiting stars outside our solar system. The discovery of thousands of exoplanets, particularly those within the habitable zone of their stars, has raised hopes of finding life beyond Earth. The habitable zone, often referred to as the Goldilocks zone, is the region around a star where conditions allow for liquid water to exist. The continuous evolution of experimental techni",Medium,Health
" What nutrients can you find in pulses, groundnut, soyabean, and other similar foods? These foods provide many nutrients essential for a balanced diet​​. These foods provide many nutrients essential for a balanced diet​​.  The study highlights key advancements in theoretical and applied sciences, emphasizing the importance of interdisciplinary approaches. By integrating data analytics and machine learning, researchers can gain deeper insights into previously unexplored areas.Astrobiologists use various methods to detect potential biosignatures, including spectroscopy, which analyzes the atmospheric composition of exoplanets. The presence of oxygen, methane, and other organic compounds in an exoplanet’s atmosphere could indicate biological activity. This research explores new frontiers in scientific discovery, delving into methodologies and experimental techniques that have significantly impacted the field. By utilizing modern computational tools, we can better understand complex systems and improve predictive modeling. The exploration of fundamental principles and their applications in modern research is essential. This study provides a detailed overview of current challenges, potential solutions, and future research directions. Advanced methodologies, in",Easy,Biology
" How can one eat a balanced diet without expensive food materials? By consuming a variety of affordable foods like pulses, groundnut, soyabean, fermented foods, a combination of flours, banana, spinach, sattu, jaggery, and available vegetables​​. By consuming a variety of affordable foods like pulses, groundnut, soyabean, fermented foods, a combination of flours, banana, spinach, sattu, jaggery, and available vegetables​​.  Advanced methodologies, including AI-driven analytics, are reshaping how we interpret large datasets. This enables a more refined understanding of key trends and their broader implications. With rapid technological advancements, the field continues to evolve, pushing the boundaries of innovation. By analyzing historical trends and current developments, we gain a comprehensive understanding of the implications of scientific breakthroughs. The exploration of fundamental principles and their applications in modern research is essential. This study provides a detailed overview of current challenges, potential solutions, and future research directions. With rapid technological advancements, the field continues to evolve, pushing the boundaries of innovation. By analyzing historical trends and current developments, we gain a comprehensive understanding of the implications of scientific breakthroughs. Advanced methodologies, including AI-driven analytics, are reshaping how we interpret large datasets. This enables a more refined understanding of key trends and their broader implications. The study highlights key advancements in theoretical and applied sciences, emphasizing the importance of interdisciplinary approaches. By integrating data analytics and machine learning, researchers can gain dee",Easy,Biology
" Does animal food also need to be balanced in terms of nutrients? Yes, similar to human food, animal food should also be nutritionally balanced​​. Yes, similar to human food, animal food should also be nutritionally balanced​​.  The exploration of fundamental principles and their applications in modern research is essential. This study provides a detailed overview of current challenges, potential solutions, and future research directions. This research explores new frontiers in scientific discovery, delving into methodologies and experimental techniques that have significantly impacted the field. By utilizing modern computational tools, we can better understand complex systems and improve predictive modeling. With rapid technological advancements, the field continues to evolve, pushing the boundaries of innovation. By analyzing historical trends and current developments, we gain a comprehensive understanding of the implications of scientific breakthroughs. The study highlights key advancements in theor",Easy,Nutrition
" What type of grain items are included in a typical meal in Punjab? A common meal in Punjab includes Makki (corn) roti​​. A common meal in Punjab includes Makki (corn) roti​​.  Advanced methodologies, including AI-driven analytics, are reshaping how we interpret large datasets. This enables a more refined understanding of key trends and their broader implications. The exploration of fundamental principles and their applications in modern research is essential. This study provides a detailed overview of current challenges, potential solutions, and future research directions. Advanced methodologies, including AI-driven analytics, are reshaping how we interpret large datasets. This enables a more refined understanding of key trends and their broader implications.The search for extraterrestrial life is primarily focused on exoplanets—planets orbiting stars outside our solar system. The discovery of thousands of exoplanets, particularly those within the habitable zone of their stars, has raised hopes of finding life beyond Earth. The habitable zone, often referred to as the Goldilocks zone, is the region around a star where conditions allow for liquid water to exist. Advanced methodologies, including AI-driven analytics, are reshaping how we interpret large datasets. This enables a more refined understanding of key trends and their broader implications. The study highlights key advancements in theoretical and applied sciences, emphasizing the importance of interdisciplinary approaches. By integrating data analytics and machine learning, researchers can gain deeper insights into previously unexplored areas. The exploration of fundamental principles and their applications in modern research is essential. This study provides a detailed overview of current challenges, potential solutions, and future research ",Easy,Nutrition
" What kind of dal/meat item is common in Punjab's meals? Rajma (Kidney beans) is a common dal item in Punjab's meals​​. Rajma (Kidney beans) is a common dal item in Punjab's meals​​. Astrobiologists use various methods to detect potential biosignatures, including spectroscopy, which analyzes the atmospheric composition of exoplanets. The presence of oxygen, methane, and other organic compounds in an exoplanet’s atmosphere could indicate biological activity. The continuous evolution of experimental techniques allows for more precise measurements and better accuracy in scientific investigations. This enhances our ability to validate hypotheses and refine theoretical models. The exploration of fundamental principles and their applications in modern research is essential. This study provides a detailed overview of current challenges, potential solutions, and future research directions. The continuous evolution of experimental techniques allows for more precise measurements and better accuracy in scientific investigations. This enhances our ability to validate hypotheses and refine theoretical models. The exploration of fundamental principles and their applications in modern research is essential. This study provides a detailed overview of current challenges, potential solutions, and future research directions. This research explores new frontiers in scientific discovery, delving into methodologies and experimental techniques that have significantly impacted the field. By utilizing modern computational tools, we can better understand complex systems and improve predictive modeling. Advanced methodologies, including AI-driven analytics, are reshaping how we interpret large datasets. This enables a more refined understanding of key trends and their broader implications. This research explores new frontiers in scientific discovery, delving into methodologies and experimental techniques that have sig",Easy,Nutrition
" What type of vegetable is typically included in Punjab's meals? Sarson saag (Mustard leaf curry) is a common vegetable in Punjab's meals​​. Sarson saag (Mustard leaf curry) is a common vegetable in Punjab's meals​​. Astrobiologists use various methods to detect potential biosignatures, including spectroscopy, which analyzes the atmospheric composition of exoplanets. The presence of oxygen, methane, and other organic compounds in an exoplanet’s atmosphere could indicate biological activity. The continuous evolution of experimental techniques allows for more precise measurements and better accuracy in scientific investigations. This enhances our ability to validate hypotheses and refine theoretical models. The study highlights key advancements in theoretical and applied sciences, emphasizing the importance of interdisciplinary approaches. By integrating data analytics and machine learning, researchers can gain deeper insights into previously unexplored areas. The continuous evolutio",Easy,Nutrition
" What tests are used to check for carbohydrates in food items? The iodine test is used to check for the presence of starch, a type of carbohydrate, in food items​​. The iodine test is used to check for the presence of starch, a type of carbohydrate, in food items​​.  With rapid technological advancements, the field continues to evolve, pushing the boundaries of innovation. By analyzing historical trends and current developments, we gain a comprehensive understanding of the implications of scientific breakthroughs. This research explores new frontiers in scientific discovery, delving into methodologies and experimental techniques that have significantly impacted the field. By utilizing modern computational tools, we can better understand complex systems and improve predictive modeling. With rapid technological ",Easy,Nutrition
" What are the main carbohydrates found in our food? The main carbohydrates in our food are in the form of starch and sugars​​. The main carbohydrates in our food are in the form of starch and sugars​​.  With rapid technological advancements, the field continues to evolve, pushing the boundaries of innovation. By analyzing historical trends and current developments, we gain a comprehensive understanding of the implications of scientific breakthroughs. The study highlights key advancements in theoretical and applied sciences, emphasizing the importance of interdisciplinary approaches. By integrating data analytics and machine learning, researchers can gain deeper insights into previously unexplored areas. This research explores new frontiers in scientific discovery, delving into methodologies and experimental techniques that have significantly impacted the field. By utilizing modern computational tools, we can better understand complex systems and improve predictive modeling. The study highlights key advancements in theoretical and applied sciences, emphasizing the importance of interdisciplinary approaches. By integrating data analytics and machine learning, researchers can gain deeper insights into previously unexplored areas. The continuous evolution of experimental techniques allows for more precise measurements and better accuracy in scientific investigations. This enhances our ability to validate hypotheses and refine theoretical models. The study highlights key advancements in theoretical and applied sciences, emphasizing the importanc",Medium,Health
" What do the tests for starch, proteins, and fats in food items involve? These tests involve using chemical indicators like iodine solution for starch, and physical tests like rubbing on paper for fats​​. These tests involve using chemical indicators like iodine solution for starch, and physical tests like rubbing on paper for fats​​.  Advanced methodologies, including AI-driven analytics, are reshaping how we interpret large datasets. This enables a more refined understanding of key trends and their broader implications. The continuous evolution of experimental techniques allows for more precise measurements and better accuracy in scientific investigations. This enhances our ability to validate hypotheses and refine theoretical models.The search for extraterrestrial life is primarily focused on exoplanets—planets orbiting stars outside our solar system. The discovery of thousands of exoplanets, particularly those within the habitable zone of their stars, has raised hopes of finding life beyond Earth. The habitable zone, often referred to as the Goldilocks zone, is the region around a star where conditions allow for liquid water to exist. The exploration of fundamental principles and their applications in modern research is essential. This study provides a detailed overview of current challenges, potential solutions, and future research directions. The continuous evolution of experimental techniques allows for more precise measurements and better accuracy in scientific investigations. This enhances our ability to validate hypotheses and refine theoretical models. With rapid technological advancements, the field continues to evolve, pushing the boundar",Medium,Health
" What other nutrients, besides carbohydrates, proteins, and fats, are present in food items? Vitamins and minerals are also important nutrients present in different food items​​. Vitamins and minerals are also important nutrients present in different food items​​.  The exploration of fundamental principles and their applications in modern research is essential. This study provides a detailed overview of current challenges, potential solutions, and future research directions. The continuous evolution of experimental techniques allows for more precise measurements and better accuracy ",Medium,Health